name,gender,birthdate,email,phone,interests,created_at,updated_at
Brittany Holmes,Other,1978-05-16,claudiajames@young.info,488.662.8850x73546,music,2020-12-16 10:12:21,2024-04-17 05:42:02
Brad Salazar,Male,2005-06-15,andrew21@lynch.com,654-191-4997,"movies, reading, music",2021-06-27 03:06:09,2024-07-29 09:30:25
Daniel Franklin,Male,1983-01-16,alexis62@hotmail.com,963.301.5606,"movies, sports, traveling, gaming",2024-11-08 03:42:36,2025-01-16 12:52:57
Ashley Randolph,Other,1955-09-01,megan87@roberts-simmons.biz,(763)084-2365,"reading, technology, cooking, music",2023-09-10 21:23:22,2024-04-13 21:18:09
John Leblanc,Male,2005-11-13,ymccall@mendez.com,(126)280-1606x98429,"reading, cooking",2020-09-28 16:58:52,2025-03-02 15:02:22
Troy King,Male,1963-08-11,katiediaz@yahoo.com,321-859-0185x0775,sports,2020-11-28 18:45:21,2024-01-28 04:37:36
Judith Smith,Other,1994-08-15,ebonywatkins@hotmail.com,(458)478-6231x67779,"traveling, music",2022-02-08 09:15:47,2024-11-19 02:23:00
Nathaniel Gonzalez,Male,1958-09-27,christopher68@yahoo.com,166.564.5607,"traveling, cooking, gaming",2020-07-09 22:44:23,2022-03-06 11:53:52
Sylvia Burns,Female,1975-09-13,robertbarker@gmail.com,(626)222-1444x84954,"technology, cooking, reading, movies",2020-03-10 16:20:08,2023-10-26 07:49:11
Mr. Max Miller Jr.,Male,1969-11-10,jasonmartinez@hotmail.com,069-220-2028x301,"movies, cooking, traveling",2024-08-31 22:39:33,2024-09-08 08:55:44
Rebecca Paul,Other,1974-09-26,fgonzalez@yahoo.com,001-477-967-1710x35563,"sports, cooking, movies, gaming",2025-04-09 18:42:59,2025-04-14 22:41:48
Karen Oconnor,Other,2003-07-28,schwartzpaul@gmail.com,+1-415-185-6266x7205,"technology, movies, traveling",2020-12-29 23:59:13,2023-11-17 11:57:03
Carmen Howard,Other,1986-07-11,morrisglenda@guerrero.org,069.028.6775x440,cooking,2020-07-03 16:32:16,2021-11-25 04:34:15
Brenda Johnson,Female,1995-12-06,danariggs@sherman-wood.com,(162)623-7037,"movies, reading",2021-03-31 13:03:00,2024-08-24 15:32:44
Robert Smith,Male,1980-06-04,joshua62@watson.org,896.697.6442x091,"gaming, movies, cooking",2020-08-22 21:24:56,2021-05-26 20:19:10
Eric Brown,Male,1967-03-16,kevingonzalez@yahoo.com,1350700185,technology,2022-09-01 06:45:08,2024-03-30 08:35:06
Adam Mendoza,Male,1996-12-21,rebeccamiller@hotmail.com,313.450.2111x235,"movies, technology, sports",2023-05-13 06:16:36,2024-09-20 14:36:31
Emma Clark,Other,1982-04-12,rogerbarron@yahoo.com,546.204.1200x093,"reading, cooking, sports",2022-04-08 04:50:27,2023-11-24 18:22:46
Randy Johnson,Male,2003-04-08,wrightbrian@davis.net,001-378-212-2924,"reading, traveling, technology, gaming",2023-03-20 17:35:48,2023-12-18 11:02:24
Keith Patel DDS,Male,1964-04-27,natalie38@graves-smith.com,9606171659,"cooking, music",2023-10-19 23:48:34,2024-12-08 01:21:04
Heather Gonzalez,Female,1975-05-06,butlernicholas@madden.info,001-456-359-7946x18787,"technology, reading",2025-04-15 06:30:59,2025-04-27 15:23:03
Yvette Moore,Female,2004-12-12,edward46@jackson-mcintosh.com,701-016-5540x964,"reading, movies, sports, traveling",2020-09-12 14:37:45,2024-04-29 13:17:50
Mrs. Amanda Smith,Other,1956-08-16,wbrooks@yahoo.com,726-062-1161,"reading, traveling, sports",2020-08-26 17:20:56,2021-04-23 17:27:29
Shannon Mcdonald,Other,1991-05-06,vangtaylor@nash-booth.com,001-085-310-8525x94140,"cooking, reading, technology",2022-11-11 16:20:47,2023-09-30 09:23:41
Taylor Carson,Female,2007-04-22,peter74@gmail.com,238-315-1971,"gaming, technology",2020-10-15 02:29:44,2020-12-08 14:55:28
Michael Taylor,Male,1972-02-03,blaketimothy@hotmail.com,(260)237-6324x3225,gaming,2024-05-31 11:27:42,2024-11-12 13:16:04
Andrew Burgess,Male,1966-01-07,melissabond@gmail.com,+1-210-281-3601,"cooking, traveling, reading",2020-04-27 07:34:41,2024-02-13 01:09:59
Nancy Smith,Other,1970-05-11,patriciabarrett@alvarez.com,881.491.1088x919,traveling,2022-12-27 06:01:12,2024-12-01 15:38:32
Philip Lyons,Male,1978-05-23,jacobcoffey@gmail.com,(131)994-3857x91616,"traveling, technology, gaming",2021-03-20 16:01:56,2022-06-09 17:43:17
Penny Stone,Other,1962-03-16,david06@gmail.com,001-945-041-3033x65202,"reading, technology, music",2021-12-16 12:34:09,2024-05-28 07:01:39
Jennifer Wells,Female,1981-10-05,schwartzkayla@garcia.com,(455)031-3270x7132,"movies, cooking, reading, gaming",2023-09-25 12:02:12,2024-02-15 07:52:26
Patricia Wilson,Female,1979-05-04,millsjeffrey@fleming.com,+1-432-149-3386,"sports, technology",2021-09-09 01:44:16,2021-10-16 07:08:57
Jennifer Lane,Female,2004-11-20,kboyd@hotmail.com,965.425.1787x2563,"cooking, movies, reading, traveling",2022-05-29 18:30:14,2022-12-08 07:37:56
Beth Cabrera,Female,1999-12-10,brittanymiller@ward.com,659.004.5351x5873,"music, gaming",2024-10-04 18:48:16,2025-03-24 03:48:28
Regina Hart,Other,1973-01-05,sjordan@gmail.com,173-626-7113x77100,"traveling, music, sports",2023-02-26 04:41:07,2023-10-22 17:49:39
Chelsea Harris,Other,1978-05-06,rodneycox@bowman.biz,734.712.0097x2178,"gaming, music, technology, reading",2024-08-20 06:03:56,2024-09-07 07:17:56
Cassandra Parker,Female,1987-06-14,lmills@lane.com,768-276-2572,"sports, music, traveling",2023-10-13 14:58:25,2025-01-07 17:30:05
Andrea Rollins,Female,1984-11-17,yvargas@yahoo.com,001-744-710-6977x377,"gaming, technology, reading",2020-05-21 08:33:14,2020-09-16 02:47:56
Rachel Moore,Female,1963-08-17,cassie11@moreno.org,001-446-318-3654x58324,"traveling, sports, technology",2024-03-16 15:03:50,2025-01-02 16:55:02
Alexandria Welch,Other,1973-01-21,dana53@may-gutierrez.biz,+1-916-351-8573x28563,"gaming, traveling, sports",2022-03-04 06:02:07,2024-12-26 05:53:25
Megan Thomas,Female,1974-11-03,dburton@li.info,(189)263-2927x409,"sports, music, traveling",2024-05-03 07:44:05,2024-11-06 03:47:07
Charles Hayes,Male,1992-10-18,chase52@yahoo.com,667.183.0553x3453,"cooking, technology",2024-02-15 14:35:26,2024-11-12 04:15:21
Phillip Taylor,Male,1971-11-24,catherinecunningham@hartman-kennedy.com,+1-664-672-4664x21966,"traveling, technology, music",2023-08-16 05:32:23,2025-03-18 13:07:25
Samantha Hensley,Other,1999-11-02,keithhernandez@marsh.net,829.905.4117x2630,"technology, reading, sports, music",2024-01-12 04:05:01,2025-01-06 07:32:01
Regina Hendricks,Female,1997-08-16,wadekathy@cook.com,+1-790-329-7468,"traveling, movies, music",2023-04-03 22:25:16,2025-01-26 20:29:26
Steven Walker,Male,1954-06-05,dukesara@gomez.com,001-507-851-9282x28306,"movies, technology, reading, traveling",2023-05-12 05:56:27,2023-11-25 23:01:40
Elizabeth Rowland,Female,1979-06-08,goldentimothy@elliott-bauer.net,(841)930-7754,"music, sports",2024-01-13 11:09:48,2024-09-07 11:34:09
Sarah Peterson,Female,1988-08-24,kylekelly@green.com,+1-009-539-0096x06658,reading,2025-04-11 18:41:05,2025-04-25 19:47:47
Nathan Hickman,Male,1994-12-17,benjamin26@hotmail.com,(571)637-2983x8837,"reading, gaming",2021-09-04 17:53:29,2021-10-05 16:01:41
Danielle Dixon,Other,1977-12-18,kellymaldonado@rodgers-mccullough.com,667-803-0236x925,"gaming, music",2023-02-09 10:15:30,2024-07-03 14:40:20
Heather Allen,Female,1976-09-28,chelsea09@hotmail.com,001-655-456-4059x88170,"movies, gaming, sports",2023-03-13 02:18:49,2023-11-21 13:46:24
Laura Walker,Other,2001-02-03,alexandra79@gibson-webb.com,877.416.3261x51302,"cooking, gaming, sports",2020-12-29 12:53:05,2024-07-21 14:40:12
Margaret Smith,Other,1985-11-17,gregory10@hotmail.com,+1-723-505-4050x8840,"sports, cooking",2023-03-18 10:44:05,2023-12-07 12:00:33
Mrs. Brenda Stewart DVM,Other,1963-10-26,jacksongregory@allison.com,270-846-9249x2445,reading,2020-02-20 21:49:27,2022-10-05 17:25:51
Amy Pope,Other,1991-11-20,wrightryan@hotmail.com,+1-301-969-4344,"sports, reading",2022-03-04 04:17:22,2022-05-01 18:56:55
Todd Mendoza,Male,1996-01-04,jose64@campbell-barrett.com,040-878-7029x631,gaming,2023-07-23 16:06:12,2024-03-12 08:09:20
Johnny Lopez,Male,1958-01-05,iwalker@gmail.com,080.496.1091,"cooking, gaming, sports",2021-04-24 02:35:22,2021-09-08 21:35:04
Sharon Parks,Female,1966-05-15,smann@yahoo.com,(773)921-4804x55464,"cooking, gaming, sports, traveling",2021-08-22 17:20:04,2021-08-25 13:08:39
Mary Brown,Other,1987-09-16,carterjamie@riley.com,(841)754-6215,"technology, music, reading",2024-11-24 15:27:19,2024-12-29 10:17:18
Melissa Aguilar,Female,1983-11-18,whammond@elliott.org,(585)462-8984x64933,"sports, technology",2020-01-11 23:03:03,2024-09-22 03:07:15
Maria Montes,Female,2004-06-12,cindywillis@lee-wilson.com,066.985.4758,technology,2023-10-22 19:46:19,2024-03-16 11:42:58
Stephanie Gutierrez,Other,1960-06-15,imartin@gmail.com,4212066654,"gaming, sports, reading, traveling",2023-12-27 21:31:40,2024-11-27 09:58:29
Dakota Smith,Male,1971-05-18,margaret38@wagner-kelly.com,270-331-0747x9162,"sports, gaming, movies, cooking",2022-12-10 10:55:09,2023-05-18 22:57:27
Amanda Nash,Other,1997-10-20,ostokes@gmail.com,001-056-380-5607,"cooking, sports",2020-10-10 00:21:12,2021-01-28 19:13:15
Amanda Hansen,Other,1986-07-30,ljensen@robbins.org,625-224-1430,"movies, traveling, technology",2020-06-12 00:07:39,2021-11-06 13:12:07
Holly Glover,Other,1970-01-20,orozcobrian@yahoo.com,(647)172-3966x366,"gaming, technology, movies",2020-01-19 18:41:08,2024-12-26 00:51:19
Katrina Mann,Other,1960-03-19,danielle15@thomas-chung.com,627.398.3077,"movies, cooking",2022-06-02 03:36:40,2024-12-24 22:02:15
Kimberly Friedman,Other,2001-10-19,lisa32@lewis.info,044-171-5731,"technology, traveling",2020-06-21 23:37:38,2023-08-25 16:10:05
Angel Scott,Other,1971-03-05,vasquezjason@jennings-fry.org,6540026176,"movies, technology, reading, traveling",2024-08-02 05:17:55,2024-11-14 14:38:36
Dr. Erica Rodriguez,Female,1983-03-08,taylormaria@yahoo.com,168-869-4275,"technology, reading, gaming",2022-07-05 11:59:07,2024-07-28 00:06:15
Stephanie Robinson,Other,1970-04-16,anarivera@kelley.com,(117)974-1818,"music, movies, sports",2023-05-06 14:08:28,2024-03-14 01:06:17
Vanessa Pennington,Other,1959-02-06,ethan47@gmail.com,+1-751-106-7554x88160,"traveling, reading",2023-05-22 21:29:23,2024-05-24 14:21:19
Sherri Arellano,Other,1961-01-15,mario22@yahoo.com,+1-713-261-5173x89917,gaming,2025-02-12 22:15:02,2025-04-29 06:16:42
Danielle Lewis,Female,2000-09-17,hoopercourtney@hotmail.com,5165772476,"gaming, movies",2025-04-26 05:14:23,2025-04-28 15:28:40
Michael Wilson DDS,Male,1997-10-13,rebecca64@nielsen.net,+1-320-425-8027x46334,"movies, technology",2024-09-24 21:12:16,2025-03-22 12:17:58
Mrs. Christina Thomas MD,Female,1978-03-29,jamesblanchard@yahoo.com,(046)640-0920,"cooking, reading",2020-08-19 15:39:14,2022-07-23 17:43:50
Dorothy Nicholson,Other,1996-11-27,andrewmiller@leblanc.com,(724)657-1095x324,"technology, cooking, reading, sports",2024-01-21 01:39:12,2025-01-09 16:08:07
Suzanne Gibson,Other,1976-10-01,gracehardy@hotmail.com,658-855-2151,"movies, gaming",2025-04-13 20:22:29,2025-04-16 23:55:32
Cassandra Erickson,Female,1956-08-07,jeffrey31@gmail.com,7424396087,"sports, reading",2020-04-17 16:37:02,2023-07-29 16:47:42
Lisa Reed,Other,1972-03-22,marshwilliam@burns.com,(751)722-2103,"gaming, sports",2020-12-27 11:38:37,2024-08-21 03:13:51
Marcus Cook,Male,1984-11-01,wmckee@garcia.org,+1-819-968-9692x1474,"technology, traveling",2022-02-04 15:37:21,2023-07-16 08:12:05
John Doyle,Male,1984-08-04,walkergerald@schmidt-davis.com,(755)274-2421x79147,"movies, sports, cooking, gaming",2022-12-28 23:14:34,2024-04-01 22:50:43
Joseph Tucker,Male,1977-11-19,kristin79@gmail.com,9863959030,"movies, gaming, music",2024-02-26 15:39:14,2024-09-04 06:56:28
Nicole Barnett,Other,2005-04-11,andrew14@gmail.com,(874)773-1386,"sports, cooking",2025-02-03 16:28:51,2025-02-22 18:57:08
Shannon Coleman,Female,1992-09-20,scottsue@hart-skinner.com,761-966-7414x82949,"cooking, technology",2022-06-27 19:50:59,2022-11-13 01:54:32
Nicholas Parsons,Male,1960-08-21,arnoldrebecca@gmail.com,001-139-124-0396,"reading, music, sports",2021-09-04 01:16:24,2024-02-29 08:41:45
Samantha Sutton,Other,2005-06-16,amatthews@rivers.com,+1-110-353-2484x96636,"technology, traveling, reading",2024-12-29 01:32:26,2025-04-24 06:39:01
Elizabeth Jimenez,Female,1960-05-16,danielleon@hotmail.com,+1-958-262-4305x817,cooking,2024-03-23 08:35:16,2024-05-06 02:39:41
Christina Johnson,Female,2000-10-06,wallacejoseph@diaz.com,001.993.6539x6567,"gaming, sports, music",2021-09-07 06:53:26,2023-05-06 18:01:52
Anthony Strickland,Male,1997-04-07,cookjustin@hotmail.com,979-241-8207x728,traveling,2023-03-06 05:28:07,2025-01-30 07:26:46
Courtney Davis,Other,1981-10-12,owalsh@kelly.net,151.626.1295x7991,"technology, sports, gaming, traveling",2023-12-21 12:13:04,2025-03-07 21:57:57
Hannah Smith,Female,1970-12-14,nataliemiller@yahoo.com,713-043-0247x051,"reading, gaming",2021-11-17 21:07:31,2023-03-15 12:04:43
Christopher Maxwell,Male,1960-03-27,kerryherrera@yahoo.com,703.521.3026x80927,"technology, gaming, reading",2022-07-01 04:19:23,2025-03-16 16:48:08
Amy Mendez,Female,1984-02-09,freemanashley@meyer-miller.com,117.122.6111,"sports, traveling, gaming, cooking",2023-11-10 02:11:58,2023-12-20 14:32:40
Sean Hughes,Male,1963-10-07,carriecarrillo@ray-harrell.net,(115)265-6602x0728,"gaming, movies, music",2024-02-12 06:45:18,2024-10-30 16:44:00
Elaine Schmidt,Other,1986-12-20,richardrowe@yahoo.com,586-229-1882x208,"traveling, movies",2022-08-05 14:06:52,2023-03-01 01:43:11
Katelyn Richards,Female,1955-08-05,fharding@pearson.info,4385048278,"cooking, reading",2024-06-30 09:24:23,2024-12-01 23:02:41
Rachel Jones,Other,1969-11-07,rodriguezshawn@best-decker.com,(487)106-0261,music,2023-08-15 02:30:57,2025-02-27 12:17:25
Danielle Mora,Female,1976-06-12,nicole85@leblanc.biz,001-987-883-6344x934,reading,2020-07-31 20:15:15,2021-05-23 12:22:24
Richard Woodard,Male,1986-01-13,brooke69@horn.net,168.527.0259x0832,"sports, music, reading, traveling",2020-05-04 17:51:23,2021-03-30 17:30:37
